,Nose_Neck_MidHip,RShoulder_Neck_MidHip,LShoulder_Neck_MidHip,RElbow_RShoulder_Neck,LElbow_LShoulder_Neck,RWrist_RElbow_RShoulder,LWrist_LElbow_LShoulder,RHip_MidHip_Neck,LHip_MidHip_Neck,RKnee_RHip_MidHip,LKnee_LHip_MidHip,RAnkle_RKnee_RHip,LAnkle_LKnee_LHip
Michelangelo_27549_keypoints.npy_27549_1_m,2.492105484008789,-1.610207200050354,1.5144301652908325,-1.943777322769165,3.0820915699005127,-2.523249864578247,-2.573227882385254,1.6115087270736694,-1.5383514165878296,-0.27668121457099915,-3.005826473236084,5e-324,1.8376740217208862
Michelangelo_101631_keypoints.npy_101631_1_m,-2.997070789337158,-1.40359628200531,1.8099901676177979,-2.191845417022705,2.3887181282043457,-2.418717622756958,-2.3401949405670166,1.8417744636535645,-1.1883195638656616,-0.8832705616950989,-2.986704111099243,2.3337202072143555,0.7341369986534119
Michelangelo_12758_keypoints.npy_12758_1_m,-2.3346030712127686,-1.2528430223464966,1.8890552520751953,-2.0167834758758545,2.0190277099609375,-2.877875566482544,2.8258233070373535,1.7854543924331665,-1.3585137128829956,-2.3625476360321045,0.32295307517051697,-2.186941146850586,-1.8354243040084839
Michelangelo_98829_keypoints.npy_98829_1_m,2.4195523262023926,-1.6507909297943115,1.4874300956726074,-2.2387855052948,1.7144935131072998,-1.8368059396743774,2.81390380859375,1.743321418762207,-1.1216847896575928,0.27441585063934326,2.854884624481201,5e-324,1.1346817016601562
Michelangelo_96448_keypoints.npy_96448_1_m,-1.708957314491272,-2.5509424209594727,0.6125370264053345,-1.3521952629089355,1.7561882734298706,2.6018829345703125,1.4969794750213623,1.4142004251480103,-1.9054425954818726,-2.6872222423553467,0.7414013743400574,5e-324,-1.5228594541549683
Michelangelo_72952_keypoints.npy_72952_1_m,-1.992069125175476,1.6803498268127441,-1.4291833639144897,2.486555337905884,-2.3913187980651855,-0.2423691302537918,5e-324,-1.5247468948364258,1.5814323425292969,5e-324,5e-324,5e-324,5e-324
Michelangelo_6834_keypoints.npy_6834_1_m,-2.3289215564727783,-0.9619764089584351,2.3580825328826904,-0.3063659071922302,2.547255039215088,-2.712404489517212,5e-324,2.649355888366699,-0.7469255328178406,-0.47783082723617554,3.0603017807006836,1.2583067417144775,1.7429062128067017
Michelangelo_44006_keypoints.npy_44006_1_m,2.425891160964966,1.4105418920516968,-1.6970524787902832,2.331202983856201,5e-324,-2.8228657245635986,5e-324,2.1849660873413086,-1.0823602676391602,-1.7674221992492676,2.27714204788208,1.3901344537734985,5e-324
Michelangelo_4942_keypoints.npy_4942_1_m,-2.0501537322998047,-1.1715434789657593,1.9178084135055542,-2.6009562015533447,1.639107584953308,2.792278289794922,2.885809898376465,1.451460361480713,-1.6121867895126343,-2.7122623920440674,0.7105922102928162,-0.3261732757091522,-1.3608689308166504
Michelangelo_62566_keypoints.npy_62566_1_m,2.7718617916107178,-1.8210033178329468,1.2947182655334473,-1.4477207660675049,2.6024396419525146,5e-324,2.976327896118164,1.1515589952468872,-2.078739643096924,-2.783795118331909,1.6270722150802612,-2.156339645385742,-2.8675785064697266
Michelangelo_8073_keypoints.npy_8073_1_m,2.47359037399292,0.7817189693450928,-2.600465774536133,1.930026888847351,5e-324,-2.4065473079681396,5e-324,2.9758315086364746,-0.41976502537727356,-1.3609071969985962,2.1772332191467285,0.8071070909500122,5e-324
Michelangelo_1304_keypoints.npy_1304_1_m,2.8055498600006104,-1.6413159370422363,1.5361616611480713,-2.501293420791626,2.0185396671295166,2.3277738094329834,0.5943381786346436,1.4672116041183472,-1.6758557558059692,-1.661538004875183,2.2141380310058594,-2.920255422592163,2.2060768604278564
Michelangelo_1304_keypoints.npy_1304_2_m,-2.35197114944458,1.987005352973938,-1.2792869806289673,5e-324,-1.518906593322754,5e-324,2.6687405109405518,-0.9595445394515991,1.9903026819229126,5e-324,5e-324,5e-324,5e-324
Michelangelo_42216_keypoints.npy_42216_1_m,2.7182457447052,-1.622222900390625,1.4893370866775513,-2.5404958724975586,2.067277193069458,2.2345123291015625,0.6521086692810059,1.4916753768920898,-1.698500156402588,-1.8728680610656738,2.2633235454559326,-2.771674633026123,2.3024752140045166
Michelangelo_42216_keypoints.npy_42216_2_m,2.644418239593506,-1.4815629720687866,1.6092395782470703,-2.2218756675720215,1.3991150856018066,5e-324,5e-324,1.6069611310958862,-1.630554437637329,5e-324,5e-324,5e-324,5e-324
Michelangelo_74076_keypoints.npy_74076_1_m,2.4912569522857666,-1.6465058326721191,1.6223444938659668,-1.7652732133865356,0.17184408009052277,1.670871615409851,2.869053363800049,1.2427088022232056,-1.6755353212356567,-0.8938301205635071,2.170146942138672,2.131917953491211,1.9397656917572021
Michelangelo_74076_keypoints.npy_74076_2_m,-2.540769577026367,-1.6903913021087646,1.8425660133361816,5e-324,5e-324,5e-324,5e-324,1.6487289667129517,-1.4959237575531006,-1.5728789567947388,1.1830421686172485,-3.1409151554107666,-2.86688494682312
Michelangelo_26362_keypoints.npy_26362_1_m,5e-324,-1.6677042245864868,1.3996964693069458,-2.0118937492370605,5e-324,5e-324,5e-324,1.8449069261550903,-1.3256996870040894,-1.806768536567688,1.9140379428863525,-2.99061918258667,-1.805637240409851
El Greco_88024_keypoints.npy_88024_1_m,5e-324,1.5461347103118896,-1.6069706678390503,2.0621731281280518,-2.3542418479919434,2.631476402282715,-2.301783561706543,-1.5931007862091064,1.6077357530593872,0.7648800611495972,-2.0581588745117188,-1.9511955976486206,-2.054159164428711
El Greco_88024_keypoints.npy_88024_2_m,-2.8805668354034424,-1.5572396516799927,1.5906224250793457,-2.01859450340271,1.968788504600525,2.9010698795318604,5e-324,1.527793049812317,-1.5451786518096924,5e-324,5e-324,5e-324,5e-324
El Greco_88024_keypoints.npy_88024_3_m,5e-324,1.1707020998001099,-1.832603931427002,3.132094144821167,5e-324,-1.6803927421569824,5e-324,-1.6499067544937134,1.4318383932113647,2.8030238151550293,-0.5018894076347351,2.044394016265869,5e-324
El Greco_88024_keypoints.npy_88024_4_m,2.0136289596557617,-1.6970266103744507,1.446399450302124,-1.7243331670761108,1.7983721494674683,-1.6259580850601196,5e-324,1.6356080770492554,-1.5024093389511108,5e-324,5e-324,5e-324,5e-324
El Greco_88024_keypoints.npy_88024_5_m,-2.1320393085479736,-1.3177094459533691,1.8360339403152466,-1.935254454612732,1.315892219543457,1.6221399307250977,1.5535777807235718,1.5456364154815674,-1.5800034999847412,5e-324,5e-324,5e-324,5e-324
El Greco_88024_keypoints.npy_88024_6_m,-2.2766644954681396,-1.7856309413909912,1.3568053245544434,-2.120589017868042,1.259291410446167,5e-324,1.7018306255340576,1.1585217714309692,-1.89674973487854,5e-324,1.6170825958251953,5e-324,-2.9380693435668945
El Greco_88024_keypoints.npy_88024_7_m,-1.9513851404190063,-1.6309083700180054,1.5108412504196167,-1.6177866458892822,1.5723804235458374,-0.2442755103111267,2.0324220657348633,1.3875585794448853,-1.6299139261245728,5e-324,5e-324,5e-324,5e-324
El Greco_15189_keypoints.npy_15189_1_m,3.0304672718048096,-1.38253915309906,1.7586544752120972,-2.2945079803466797,1.9822105169296265,-0.9343727231025696,2.277547836303711,1.5720134973526,-1.6245636940002441,-1.7105692625045776,1.486149787902832,3.046675682067871,2.986933469772339
El Greco_15189_keypoints.npy_15189_2_m,-2.407024621963501,-1.5372942686080933,1.3022351264953613,-1.872215986251831,1.9644148349761963,0.3354927599430084,2.63096022605896,1.5087502002716064,-1.6289385557174683,-1.5060639381408691,1.4375954866409302,-3.034595489501953,-3.016829013824463
El Greco_19410_keypoints.npy_19410_1_f,-2.756026268005371,-1.5757015943527222,1.5899990797042847,-1.9150584936141968,1.7688649892807007,-0.24879874289035797,5e-324,1.651185393333435,-1.5851980447769165,5e-324,5e-324,5e-324,5e-324
El Greco_20834_keypoints.npy_20834_1_m,-2.893883466720581,-1.5155149698257446,1.6258575916290283,-2.0288243293762207,2.0161421298980713,-1.8659381866455078,1.8511728048324585,1.5486963987350464,-1.5244807004928589,-1.5935120582580566,5e-324,5e-324,5e-324
El Greco_44795_keypoints.npy_44795_1_m,2.7349743843078613,-1.5020194053649902,1.7014747858047485,-1.813940405845642,1.632180094718933,-2.411790609359741,-0.9257121682167053,1.7855863571166992,-1.5184037685394287,-1.5054296255111694,1.7075319290161133,2.9106059074401855,-3.1222143173217773
El Greco_44795_keypoints.npy_44795_2_m,-3.0673656463623047,-1.576751470565796,1.6094939708709717,-2.0849368572235107,1.5115671157836914,-2.8024134635925293,2.2922017574310303,1.5910694599151611,-1.5506036281585693,-1.9439224004745483,5e-324,-3.004101514816284,5e-324
El Greco_64962_keypoints.npy_64962_1_m,2.867116689682007,-1.5081472396850586,1.5389970541000366,-1.807907223701477,1.7316429615020752,-1.590632677078247,2.913113594055176,1.6323875188827515,-1.588100790977478,5e-324,5e-324,5e-324,5e-324
El Greco_54409_keypoints.npy_54409_1_f,-2.8908677101135254,-1.5595484972000122,1.5884013175964355,-2.065375804901123,1.894477128982544,-0.0290897898375988,-3.031151056289673,1.5467147827148438,-1.6754635572433472,-1.676620364189148,1.5263625383377075,3.141390800476074,3.0469563007354736
El Greco_54409_keypoints.npy_54409_2_f,2.404914140701294,-1.6312973499298096,1.4543111324310303,-1.5981507301330566,1.9386061429977417,-1.2499887943267822,5e-324,1.668413519859314,-1.474151849746704,-1.7781568765640259,1.4448049068450928,2.9821295738220215,2.9603264331817627
El Greco_54409_keypoints.npy_54409_3_f,2.7730302810668945,-1.67984938621521,1.5327364206314087,-1.413310170173645,1.82159423828125,-2.129774332046509,-0.8901939392089844,1.5472698211669922,-1.6559287309646606,-0.5976850986480713,1.9576325416564941,2.026668071746826,2.622056245803833
El Greco_4651_keypoints.npy_4651_1_m,-3.1017861366271973,-1.4206572771072388,1.7499866485595703,-2.132946729660034,-3.0780670642852783,5e-324,3.0742411613464355,1.6153781414031982,-1.468511700630188,5e-324,5e-324,5e-324,5e-324
El Greco_78585_keypoints.npy_78585_1_m,-2.691946268081665,-1.435149073600769,1.756786823272705,3.0099754333496094,-2.943531036376953,2.9242970943450928,-3.0457913875579834,1.6730986833572388,-1.5345966815948486,-1.3871694803237915,1.6068538427352905,-3.0083298683166504,-2.8294997215270996
El Greco_78585_keypoints.npy_78585_2_m,-2.6277005672454834,-1.6961803436279297,1.5304069519042969,-1.896626353263855,1.6515158414840698,-1.0349394083023071,1.2648835182189941,1.7973483800888062,-1.344119906425476,5e-324,5e-324,5e-324,5e-324
El Greco_30309_keypoints.npy_30309_1_m,-2.6962268352508545,-1.502837061882019,1.6320751905441284,-2.1294703483581543,1.5951817035675049,-0.9353402853012085,0.8054776191711426,1.3138060569763184,-1.9413925409317017,5e-324,5e-324,5e-324,5e-324
El Greco_84251_keypoints.npy_84251_1_m,2.0777742862701416,1.8288344144821167,-1.4894249439239502,2.1122076511383057,-0.8807171583175659,-2.829965353012085,-2.416958808898926,-1.4143646955490112,1.6504085063934326,2.322910785675049,-1.0459694862365723,2.939584970474243,-3.0242390632629395
El Greco_84251_keypoints.npy_84251_2_m,2.6254467964172363,-1.55853271484375,1.5161908864974976,5e-324,1.8339931964874268,5e-324,2.432088851928711,0.3404395580291748,-1.5170931816101074,5e-324,2.483314037322998,5e-324,2.616478681564331
El Greco_84246_keypoints.npy_84246_1_m,-2.548356533050537,-1.5812283754348755,1.5597290992736816,-2.053525686264038,1.987505555152893,2.7908079624176025,1.6470158100128174,1.5794389247894287,-1.5638443231582642,-1.6374461650848389,1.4058445692062378,-3.1199753284454346,-3.06078839302063
El Greco_84246_keypoints.npy_84246_2_m,-2.324521541595459,-1.5257312059402466,1.6200629472732544,-2.1166112422943115,5e-324,2.8889193534851074,5e-324,1.5164023637771606,-1.6247410774230957,-1.9360356330871582,1.2789885997772217,-2.885533094406128,-2.9351677894592285
El Greco_84246_keypoints.npy_84246_3_m,-2.5367226600646973,1.6208138465881348,-1.5248640775680542,2.2081069946289062,-2.476145029067993,5e-324,2.328108310699463,-1.5326391458511353,1.4689276218414307,5e-324,5e-324,5e-324,5e-324
El Greco_84246_keypoints.npy_84246_4_m,-2.2435896396636963,2.46631121635437,-0.7994899153709412,-0.09864984452724457,-2.771136999130249,5e-324,2.1460111141204834,0.3851096034049988,-2.567253828048706,-1.9354832172393799,0.6933929324150085,5e-324,-0.8463762402534485
El Greco_84246_keypoints.npy_84246_5_m,2.5425426959991455,-1.3258566856384277,1.8188763856887817,-2.0058746337890625,5e-324,5e-324,5e-324,2.1672418117523193,-1.363206386566162,5e-324,5e-324,5e-324,5e-324
El Greco_84246_keypoints.npy_84246_6_m,2.4022796154022217,-1.456191897392273,1.8020071983337402,-2.4228768348693848,5e-324,-3.081512451171875,5e-324,1.3934099674224854,-1.2799429893493652,5e-324,5e-324,5e-324,5e-324
El Greco_84246_keypoints.npy_84246_7_m,-2.728856086730957,-1.635298252105713,1.5486841201782227,-2.084657669067383,1.9395979642868042,5e-324,2.565828323364258,1.583188533782959,-1.3190816640853882,5e-324,5e-324,5e-324,5e-324
El Greco_14648_keypoints.npy_14648_1_m,-2.949214220046997,-1.5469419956207275,1.6249473094940186,-2.2938873767852783,2.1280858516693115,-1.7512741088867188,2.1436984539031982,1.5816646814346313,-1.6064099073410034,-1.765464186668396,1.5294874906539917,-3.0742886066436768,-3.1065545082092285
Artemisia Gentileschi_45093_keypoints.npy_45093_1_m,-2.9637162685394287,-1.464959740638733,1.7132800817489624,-2.082400321960449,2.09012508392334,-3.141552686691284,1.3264704942703247,1.584677815437317,-1.501694679260254,-1.3741508722305298,1.5271801948547363,-3.073976993560791,-3.0688586235046387
Artemisia Gentileschi_72463_keypoints.npy_72463_1_f,2.595705509185791,-1.515391230583191,1.6926168203353882,-1.6341654062271118,1.8505836725234985,-1.1200392246246338,3.0754339694976807,1.7885947227478027,-1.4636412858963013,5e-324,5e-324,5e-324,5e-324
Artemisia Gentileschi_5184_keypoints.npy_5184_1_f,3.1124861240386963,-1.2286643981933594,1.9361387491226196,-2.384058952331543,-2.1774682998657227,-2.0782859325408936,-1.4570634365081787,1.8926788568496704,-1.2971524000167847,-0.8538777828216553,2.163694381713867,2.42637300491333,2.394477367401123
Artemisia Gentileschi_5184_keypoints.npy_5184_2_f,-2.6618881225585938,1.8916726112365723,-1.252520203590393,5e-324,-2.6989386081695557,5e-324,2.563483715057373,-1.4177789688110352,1.5168875455856323,5e-324,5e-324,5e-324,5e-324
Artemisia Gentileschi_82753_keypoints.npy_82753_1_f,2.8159677982330322,-1.4452741146087646,1.6883162260055542,-2.1695425510406494,1.5913736820220947,-2.98691463470459,2.733436346054077,1.5918524265289307,-1.4951305389404297,-1.9145662784576416,1.9781863689422607,5e-324,2.683215379714966
Artemisia Gentileschi_92820_keypoints.npy_92820_1_f,-3.011842966079712,-1.4331107139587402,1.7084120512008667,-2.305429697036743,1.9873380661010742,1.9307235479354858,1.6973762512207031,1.5953528881072998,-1.4090263843536377,5e-324,5e-324,5e-324,5e-324
Artemisia Gentileschi_46899_keypoints.npy_46899_1_f,-1.8488218784332275,-1.0857551097869873,2.0627124309539795,-1.1067655086517334,2.006227731704712,-1.0166682004928589,-2.245771646499634,1.2474637031555176,-1.9149763584136963,-2.594438076019287,0.7846880555152893,-1.1955091953277588,-1.4655957221984863
Artemisia Gentileschi_85492_keypoints.npy_85492_1_f,2.9787967205047607,-1.5752849578857422,1.5076054334640503,-2.963135242462158,2.125325918197632,2.6932413578033447,1.5528531074523926,1.5462729930877686,-1.5870312452316284,3.0618433952331543,5e-324,5e-324,5e-324
Artemisia Gentileschi_98642_keypoints.npy_98642_1_m,-2.3527445793151855,-1.6884737014770508,1.4133273363113403,-2.959230422973633,2.1572623252868652,2.311143636703491,2.2057297229766846,1.372837781906128,-1.8083574771881104,5e-324,5e-324,5e-324,5e-324
Artemisia Gentileschi_98642_keypoints.npy_98642_2_f,-2.31563401222229,-1.9134037494659424,1.5978108644485474,-1.293716549873352,2.1703433990478516,2.6355550289154053,2.276029586791992,1.6340402364730835,-1.4174941778182983,-1.218478798866272,1.9324716329574585,2.696685552597046,5e-324
Artemisia Gentileschi_11400_keypoints.npy_11400_1_f,-2.6850333213806152,-1.847865343093872,1.3743757009506226,-1.7837125062942505,1.596848726272583,3.136075496673584,2.6493825912475586,1.37212336063385,-1.631974458694458,2.6578598022460938,5e-324,5e-324,5e-324
Artemisia Gentileschi_11400_keypoints.npy_11400_2_f,-0.24280942976474762,-1.5416432619094849,1.5567914247512817,-1.68497633934021,1.7091314792633057,-2.6016275882720947,0.7070347666740417,0.7957066893577576,-1.17449951171875,-3.022033929824829,5e-324,-0.48719388246536255,5e-324
Artemisia Gentileschi_77321_keypoints.npy_77321_1_f,2.540098190307617,-1.396397352218628,1.699125051498413,2.670283317565918,-2.6120078563690186,2.5693280696868896,3.0410728454589844,1.9329208135604858,-1.209172010421753,-1.409109115600586,1.5548782348632812,3.137619733810425,-3.087771415710449
Artemisia Gentileschi_47670_keypoints.npy_47670_1_f,-2.8246006965637207,-1.6766289472579956,1.4855979681015015,-1.7737219333648682,1.9619297981262207,-2.2896153926849365,-2.7151567935943604,1.5882277488708496,-1.5278596878051758,5e-324,5e-324,5e-324,5e-324
Pierre-Auguste Renoir_1013_keypoints.npy_1013_1_f,-2.798053503036499,-1.8093801736831665,1.4177237749099731,-1.2549411058425903,1.8252012729644775,5e-324,2.5431158542633057,1.3326016664505005,-1.8189674615859985,-1.652724027633667,1.5221983194351196,-2.6766891479492188,-2.5908660888671875
Pierre-Auguste Renoir_39484_keypoints.npy_39484_1_f,-2.5661022663116455,1.532579779624939,-1.591063141822815,1.9774773120880127,-1.5789157152175903,-0.7387632131576538,2.2929153442382812,-1.5257467031478882,1.5441555976867676,5e-324,5e-324,5e-324,5e-324
Pierre-Auguste Renoir_39484_keypoints.npy_39484_2_f,2.2552130222320557,1.2193185091018677,-1.8860384225845337,3.0875847339630127,-1.961955189704895,-1.1330465078353882,-2.9971351623535156,-1.395334005355835,1.5677988529205322,-2.717316150665283,-0.04332955554127693,1.8241498470306396,2.2677435874938965
Pierre-Auguste Renoir_39484_keypoints.npy_39484_3_f,-2.78371262550354,-1.4859464168548584,1.586646318435669,-2.0869412422180176,2.318364143371582,0.41716137528419495,-2.681983470916748,1.8664336204528809,-1.2892247438430786,-1.7862085103988647,2.928183078765869,5e-324,1.863712191581726
Pierre-Auguste Renoir_53280_keypoints.npy_53280_1_f,2.738436698913574,-1.5105403661727905,1.592588186264038,-1.9407304525375366,2.0533907413482666,-1.0561436414718628,-0.8254880905151367,1.6810293197631836,-1.509734034538269,0.2158033400774002,2.2923285961151123,1.849705696105957,2.288166046142578
Pierre-Auguste Renoir_53280_keypoints.npy_53280_2_f,-2.3287932872772217,-1.6005346775054932,1.536835789680481,-2.1241226196289062,1.7719625234603882,2.8773748874664307,5e-324,1.4167710542678833,-1.7873761653900146,5e-324,5e-324,5e-324,5e-324
Pierre-Auguste Renoir_67685_keypoints.npy_67685_1_f,2.278294801712036,1.4499907493591309,-1.5745030641555786,1.8089683055877686,-1.3335139751434326,-2.2639551162719727,-2.0745108127593994,-1.8590381145477295,1.2028405666351318,1.9940367937088013,-0.9898536801338196,2.488403081893921,2.6159353256225586
Pierre-Auguste Renoir_6660_keypoints.npy_6660_1_f,5e-324,1.5053530931472778,-1.6221565008163452,2.4848897457122803,-2.4474399089813232,-1.6572158336639404,1.8190855979919434,-1.860439658164978,1.2842011451721191,1.3968974351882935,-2.1841657161712646,-2.8542544841766357,-2.5122928619384766
Pierre-Auguste Renoir_6660_keypoints.npy_6660_2_f,2.430793523788452,1.4850890636444092,-1.634929895401001,2.0777196884155273,-1.9757938385009766,-2.8197193145751953,-2.5549213886260986,-1.5285744667053223,1.6089133024215698,-2.181046962738037,5e-324,1.2676090002059937,5e-324
Pierre-Auguste Renoir_3897_keypoints.npy_3897_1_f,-2.9351460933685303,-2.147519826889038,0.9333130121231079,-1.7261875867843628,1.2493451833724976,5e-324,0.3548893928527832,0.5081756711006165,-3.076463460922241,-2.514559507369995,1.0325829982757568,5e-324,-1.026653528213501
Pierre-Auguste Renoir_63338_keypoints.npy_63338_1_f,-2.5715584754943848,-1.785232663154602,1.388113260269165,-1.80740487575531,1.841076374053955,0.49140140414237976,2.3522820472717285,1.4487427473068237,-1.783468246459961,5e-324,5e-324,5e-324,5e-324
Pierre-Auguste Renoir_45975_keypoints.npy_45975_1_f,2.693122148513794,-1.5812270641326904,1.5128086805343628,-1.9487900733947754,1.6807119846343994,-2.6481103897094727,-2.0660340785980225,2.0393903255462646,-1.0475767850875854,-0.8478691577911377,5e-324,5e-324,5e-324
Pierre-Auguste Renoir_71768_keypoints.npy_71768_1_f,2.1949315071105957,-1.6442885398864746,1.4529716968536377,-1.291000485420227,1.86519455909729,-1.5290296077728271,-1.1263104677200317,1.6335508823394775,-1.5220413208007812,-1.4713982343673706,1.5433307886123657,2.804285764694214,2.801591157913208
Pierre-Auguste Renoir_17245_keypoints.npy_17245_1_f,-2.0740296840667725,1.3944101333618164,-1.7856520414352417,0.9366722702980042,-2.228893280029297,5e-324,1.1106603145599365,-1.658164143562317,1.3847136497497559,-0.5805639624595642,2.5247185230255127,-1.9599809646606445,-1.236444354057312
Pierre-Auguste Renoir_22964_keypoints.npy_22964_1_f,-2.205354928970337,-1.677905559539795,1.5101145505905151,-2.6774682998657227,1.9955244064331055,1.2789267301559448,2.137866973876953,1.4695255756378174,-1.6120855808258057,5e-324,5e-324,5e-324,5e-324
Pierre-Paul Prud'hon_18250_keypoints.npy_18250_1_m,-3.102447032928467,-1.6771914958953857,1.4822914600372314,2.3734402656555176,1.9209725856781006,1.8844603300094604,-2.528970241546631,1.4833003282546997,-1.605692744255066,-1.7402122020721436,1.9103947877883911,-3.0515520572662354,2.97786283493042
Pierre-Paul Prud'hon_96887_keypoints.npy_96887_1_m,2.367945671081543,-1.7465437650680542,1.4150310754776,-1.9390184879302979,2.8623695373535156,-3.013265371322632,-2.9394664764404297,1.7099370956420898,-1.4309160709381104,-1.1029914617538452,2.29585862159729,2.645519495010376,3.090306520462036
Pierre-Paul Prud'hon_70187_keypoints.npy_70187_1_m,3.0608105659484863,-1.4130098819732666,1.729411005973816,-1.789859414100647,0.8774171471595764,1.3032187223434448,1.7753448486328125,1.4993181228637695,-1.5977360010147095,-1.3100155591964722,1.5079612731933594,-2.9569873809814453,-2.4860849380493164
Pierre-Paul Prud'hon_99222_keypoints.npy_99222_1_f,-2.4470179080963135,-1.5941184759140015,1.5479891300201416,-2.7870960235595703,1.7804841995239258,0.998818039894104,3.0432233810424805,1.5807970762252808,-1.5613203048706055,-1.4586055278778076,1.4562681913375854,3.072824716567993,-3.084198236465454
Pierre-Paul Prud'hon_66812_keypoints.npy_66812_1_f,-2.285290002822876,2.100874423980713,-1.124060034751892,5e-324,-2.710659980773926,5e-324,2.842905282974243,-1.5842864513397217,2.3288021087646484,0.8307226300239563,2.981642723083496,-2.5901691913604736,-2.008836507797241
Pierre-Paul Prud'hon_88870_keypoints.npy_88870_1_f,-2.4470179080963135,-1.5941184759140015,1.5479891300201416,-2.7870960235595703,1.7804841995239258,0.998818039894104,3.0432233810424805,1.5807970762252808,-1.5613203048706055,-1.4586055278778076,1.4562681913375854,3.072824716567993,-3.084198236465454
Pierre-Paul Prud'hon_48529_keypoints.npy_48529_1_m,2.064570188522339,-1.3867915868759155,1.786663293838501,-1.8477975130081177,2.4779069423675537,3.073430061340332,-0.8433251976966858,1.5665464401245117,-1.5336995124816895,-1.2869728803634644,1.6617408990859985,3.0302183628082275,2.8071632385253906
Pierre-Paul Prud'hon_76784_keypoints.npy_76784_1_f,2.4953088760375977,-1.5479073524475098,1.5993170738220215,-2.6110117435455322,0.36708134412765503,5e-324,1.9669212102890015,1.4205830097198486,-1.6310014724731445,-1.3746721744537354,1.4745862483978271,-2.919494867324829,-2.7886300086975098
Pierre-Paul Prud'hon_14259_keypoints.npy_14259_1_f,1.9088354110717773,1.2280068397521973,-1.8522857427597046,2.144001007080078,-1.7376245260238647,2.7468974590301514,-1.3840043544769287,-1.6685317754745483,1.5389184951782227,1.3846615552902222,-1.4638618230819702,3.0920310020446777,5e-324
Pierre-Paul Prud'hon_51781_keypoints.npy_51781_1_f,-2.1781795024871826,2.3490543365478516,-0.9378321170806885,0.18426692485809326,-2.8281469345092773,5e-324,2.8803751468658447,1.1415586471557617,-2.342391014099121,-1.5916273593902588,1.482542872428894,-2.9660165309906006,-2.0635528564453125
Pierre-Paul Prud'hon_86828_keypoints.npy_86828_1_f,2.4607937335968018,-1.7471508979797363,1.3297228813171387,-2.2227511405944824,2.021733045578003,-2.5617175102233887,-0.8633395433425903,1.452458381652832,-1.6340243816375732,-1.5033479928970337,1.3648202419281006,2.587167739868164,3.0820817947387695
Pierre-Paul Prud'hon_55635_keypoints.npy_55635_1_f,2.3961451053619385,-1.5978986024856567,1.5098146200180054,-1.640622615814209,1.8184070587158203,-0.186152845621109,3.1068921089172363,1.456173300743103,-1.686218500137329,2.944901466369629,0.6209500432014465,-1.161149501800537,-2.2420530319213867
Pierre-Paul Prud'hon_64096_keypoints.npy_64096_1_m,3.1181790828704834,-1.2617311477661133,1.8446985483169556,-1.9036316871643066,-2.3857336044311523,2.9475200176239014,-2.492271661758423,1.626135230064392,-1.4541137218475342,-1.4503892660140991,1.4019279479980469,3.034867286682129,-3.0764567852020264
Pierre-Paul Prud'hon_81561_keypoints.npy_81561_1_m,-2.3498806953430176,-1.526535987854004,1.5807424783706665,5e-324,-2.1214590072631836,5e-324,-2.893939971923828,1.4797590970993042,-1.5487154722213745,-1.3530607223510742,1.4411925077438354,3.1304826736450195,2.7662100791931152
Pierre-Paul Prud'hon_87185_keypoints.npy_87185_1_m,2.3888509273529053,-1.627231240272522,1.5556681156158447,-2.2046337127685547,2.1547977924346924,-2.5854263305664062,-0.9090858101844788,1.2895911931991577,-1.9926371574401855,-1.3929153680801392,1.385765790939331,3.0757532119750977,-2.8830275535583496
Felix Vallotton_59828_keypoints.npy_59828_1_f,2.6248228549957275,-1.2433642148971558,1.9755622148513794,-1.7918202877044678,1.372878074645996,-1.1635905504226685,5e-324,1.9659136533737183,-1.362619400024414,-1.402590274810791,2.1696560382843018,5e-324,5e-324
Felix Vallotton_59828_keypoints.npy_59828_2_f,5e-324,1.5951933860778809,-1.48326575756073,1.319743037223816,-0.7975431680679321,-1.1789603233337402,5e-324,-1.6852407455444336,1.3298187255859375,2.8431057929992676,5e-324,5e-324,5e-324
Felix Vallotton_59828_keypoints.npy_59828_3_f,-2.094801425933838,-2.393646478652954,0.8195074200630188,-2.553875207901001,2.026949167251587,2.767662525177002,1.2589213848114014,0.998589277267456,-2.361701726913452,-2.0086700916290283,1.3345035314559937,5e-324,5e-324
Felix Vallotton_55787_keypoints.npy_55787_1_f,3.0341970920562744,-2.4728002548217773,0.5776270627975464,-1.7174427509307861,1.6272411346435547,0.3836134076118469,0.5908432006835938,0.9221808314323425,-2.2599704265594482,-2.6413466930389404,-0.02447749488055706,-0.5354415774345398,-0.5943132042884827
Felix Vallotton_55787_keypoints.npy_55787_2_m,2.339874744415283,-2.096625328063965,1.3649433851242065,1.824474573135376,5e-324,-2.8927927017211914,5e-324,1.6857922077178955,-1.5070440769195557,-1.8907208442687988,-2.994201898574829,5e-324,1.4352750778198242
Felix Vallotton_94510_keypoints.npy_94510_1_f,2.3278884887695312,-2.0601272583007812,1.0804377794265747,-1.4621872901916504,2.0707550048828125,-2.857464075088501,5e-324,0.9188560247421265,-2.762899160385132,0.3744540810585022,-2.248244047164917,0.9292744994163513,0.6978557705879211
Felix Vallotton_99492_keypoints.npy_99492_1_f,1.5390074253082275,-2.270252227783203,0.8712701797485352,-2.4999117851257324,2.051786422729492,-0.8092735409736633,5e-324,2.0202651023864746,-1.1010310649871826,-1.3711891174316406,1.7876445055007935,5e-324,5e-324
Felix Vallotton_99492_keypoints.npy_99492_2_f,-2.272672414779663,2.4828193187713623,-0.6144694089889526,5e-324,3.1103508472442627,5e-324,2.362447500228882,-1.3753362894058228,2.089815616607666,5e-324,5e-324,5e-324,5e-324
Felix Vallotton_99492_keypoints.npy_99492_3_f,-1.8366836309432983,-1.5256162881851196,1.8909732103347778,-1.670035719871521,1.1773064136505127,2.268531322479248,1.9995009899139404,1.1851372718811035,-2.1457793712615967,-2.5090672969818115,0.70670485496521,-3.031538486480713,5e-324
Felix Vallotton_45588_keypoints.npy_45588_1_f,-2.837297201156616,-1.0637339353561401,2.1506996154785156,-2.1086220741271973,-1.9228640794754028,-2.766981601715088,-2.4410135746002197,1.5310217142105103,-1.7656786441802979,-1.6976290941238403,1.287238597869873,3.1115434169769287,-2.903975486755371
Felix Vallotton_15914_keypoints.npy_15914_1_f,-3.1336395740509033,-1.4468488693237305,1.6907427310943604,-2.0632264614105225,-2.2747154235839844,0.2652129530906677,-1.3485137224197388,1.588981032371521,-1.5521970987319946,5e-324,5e-324,5e-324,5e-324
Felix Vallotton_69942_keypoints.npy_69942_1_f,2.283036231994629,-1.6801185607910156,1.4582254886627197,-1.9190932512283325,1.6010096073150635,-2.051450729370117,-2.603647470474243,1.4945788383483887,-1.5816370248794556,-1.5223305225372314,1.5547475814819336,5e-324,3.035102367401123
Felix Vallotton_66437_keypoints.npy_66437_1_f,2.4643335342407227,-1.6905032396316528,1.591483473777771,-1.3058114051818848,1.5962733030319214,-2.549325942993164,-2.6359801292419434,1.969862937927246,-1.230434775352478,-1.2749264240264893,2.0135178565979004,2.9622812271118164,2.60178542137146
Felix Vallotton_34166_keypoints.npy_34166_1_f,-3.107398509979248,-1.7561759948730469,1.0759403705596924,-1.7830350399017334,-2.368105411529541,-2.395664930343628,-0.5357043147087097,1.728683352470398,-1.0902258157730103,-1.1285185813903809,1.5404434204101562,-3.094614267349243,2.944378137588501
Felix Vallotton_101448_keypoints.npy_101448_1_f,3.03250789642334,-1.9340852499008179,0.9846073985099792,-1.9914113283157349,0.7806785106658936,0.5068691372871399,1.0698575973510742,3.0885729789733887,-0.6219147443771362,1.3353374004364014,-1.6082853078842163,-0.8711374998092651,-0.7958599328994751
Felix Vallotton_7043_keypoints.npy_7043_1_f,-2.7507340908050537,-2.229879856109619,1.1085625886917114,5e-324,0.9636794924736023,5e-324,0.43710118532180786,1.3388440608978271,-1.8020251989364624,-2.781573534011841,0.7093566060066223,5e-324,-1.6543498039245605
Felix Vallotton_94079_keypoints.npy_94079_1_f,-2.297260046005249,-1.5888941287994385,1.5378152132034302,2.077089548110962,-1.5571857690811157,0.9841170310974121,-2.6717686653137207,1.8026463985443115,-1.3435816764831543,-1.5187323093414307,1.3984558582305908,3.1219515800476074,-2.9867746829986572
Felix Vallotton_81153_keypoints.npy_81153_1_f,-2.867161512374878,-1.9556527137756348,1.4198639392852783,5e-324,1.7583922147750854,5e-324,-2.922088623046875,1.6266494989395142,-1.0697625875473022,5e-324,5e-324,5e-324,5e-324
Paul Delvaux_69696_keypoints.npy_69696_1_f,3.1415340900421143,-1.569847822189331,1.7339516878128052,-1.7881921529769897,1.4138201475143433,-2.8017702102661133,2.8895211219787598,1.5748648643493652,-1.570495843887329,-1.4407761096954346,1.6470891237258911,-3.1075799465179443,-2.9161221981048584
Paul Delvaux_69696_keypoints.npy_69696_2_f,-2.922623634338379,-1.5741807222366333,1.4363659620285034,-1.7163286209106445,1.859208583831787,-3.0939996242523193,2.986480236053467,1.5689226388931274,-1.5703785419464111,-1.4274580478668213,1.5714545249938965,-3.1405975818634033,-2.9552979469299316
Paul Delvaux_69696_keypoints.npy_69696_3_f,-2.5567820072174072,-1.6129465103149414,1.5380373001098633,-1.571226716041565,1.5510159730911255,2.1507973670959473,2.0153825283050537,1.5125205516815186,-1.5325864553451538,-1.3133389949798584,1.556107759475708,-2.7087719440460205,-3.0923542976379395
Paul Delvaux_69696_keypoints.npy_69696_4_f,2.995810031890869,-1.5836048126220703,1.5548839569091797,-1.809887170791626,1.617568016052246,-2.994140625,-2.690084457397461,1.5800615549087524,-1.6340707540512085,-1.522023320198059,1.6040788888931274,2.9974682331085205,-3.0990943908691406
Paul Delvaux_69696_keypoints.npy_69696_5_m,-2.412076234817505,1.7424137592315674,-1.624769687652588,1.7059309482574463,-1.895402193069458,5e-324,0.9718642234802246,-1.627170443534851,1.5106561183929443,1.5636625289916992,-1.4202663898468018,-3.046888828277588,-3.1099939346313477
Paul Delvaux_69696_keypoints.npy_69696_6_m,2.662181854248047,-1.6519328355789185,1.5556981563568115,5e-324,2.1035711765289307,5e-324,-2.7599480152130127,1.7397644519805908,-1.3782211542129517,-1.3231699466705322,2.070675849914551,5e-324,5e-324
Paul Delvaux_69696_keypoints.npy_69696_7_f,2.3401682376861572,-1.394554615020752,1.8579179048538208,-2.0659830570220947,2.795377016067505,-1.9400190114974976,5e-324,1.5061352252960205,-1.6360352039337158,-1.4732437133789062,1.7441102266311646,3.077796697616577,2.782195806503296
Paul Delvaux_80417_keypoints.npy_80417_1_f,-2.6221415996551514,-1.6344678401947021,1.5069564580917358,-1.814490556716919,1.9409704208374023,2.6078693866729736,3.1231882572174072,1.4676008224487305,-1.6213529109954834,-1.9059276580810547,1.7000539302825928,-2.8065667152404785,-2.820863723754883
Paul Delvaux_80417_keypoints.npy_80417_2_f,-2.5833184719085693,-1.8455191850662231,1.3032056093215942,2.0623295307159424,2.297311305999756,1.2786316871643066,2.7682769298553467,1.599327564239502,-1.6221381425857544,-1.3386578559875488,1.1442924737930298,-2.9196410179138184,-2.612677812576294
Paul Delvaux_80417_keypoints.npy_80417_3_f,2.6756091117858887,1.6883466243743896,-1.4795202016830444,2.4089958667755127,-2.1521034240722656,-0.467409610748291,-2.493917942047119,-1.5020643472671509,1.1669832468032837,1.2721606492996216,-1.1357535123825073,2.5388126373291016,2.4482078552246094
Paul Delvaux_80417_keypoints.npy_80417_4_f,5e-324,1.5523229837417603,-1.425523042678833,2.4654011726379395,5e-324,-0.7568020820617676,5e-324,-2.045076847076416,1.872128963470459,-0.7917870283126831,5e-324,5e-324,5e-324
Paul Delvaux_28484_keypoints.npy_28484_1_f,-2.6136422157287598,-1.608882188796997,1.5389773845672607,-1.7635000944137573,1.8211370706558228,2.9535460472106934,1.1340968608856201,1.509750247001648,-1.6519699096679688,-1.4359396696090698,1.2593218088150024,3.103969097137451,-2.959136962890625
Paul Delvaux_28484_keypoints.npy_28484_2_f,2.905824661254883,-1.6258761882781982,1.5386390686035156,2.8132681846618652,2.3076798915863037,0.7926642298698425,5e-324,1.4231153726577759,-1.4908899068832397,-1.2859808206558228,1.6863276958465576,2.8937408924102783,2.9806711673736572
Paul Delvaux_28484_keypoints.npy_28484_3_f,2.3851733207702637,-1.3113571405410767,1.7767642736434937,-1.3821921348571777,1.4419852495193481,-2.261359930038452,5e-324,1.8329025506973267,-1.308508038520813,-1.3637889623641968,1.4317021369934082,3.0184075832366943,-3.116778612136841
Paul Delvaux_20614_keypoints.npy_20614_1_f,-3.137810230255127,-1.4458945989608765,1.7184852361679077,1.9857897758483887,-2.1329333782196045,1.2622932195663452,-1.4578841924667358,1.4214130640029907,-1.71924889087677,-1.638525128364563,1.636623501777649,-3.095958709716797,3.116029977798462
Paul Delvaux_20614_keypoints.npy_20614_2_m,-2.8195981979370117,-1.5408345460891724,1.599955439567566,-1.6888372898101807,1.7512556314468384,3.103343963623047,-3.0889322757720947,1.5994023084640503,-1.5413477420806885,-1.3710525035858154,1.5402237176895142,3.112818479537964,-3.079888105392456
Paul Delvaux_20614_keypoints.npy_20614_3_m,3.0155396461486816,-1.5985896587371826,1.5433838367462158,-1.9850177764892578,1.9491084814071655,-1.7399928569793701,2.6519265174865723,1.679602026939392,-1.5953621864318848,-1.597510814666748,1.5299696922302246,-3.136945962905884,3.103667736053467
Paul Delvaux_20614_keypoints.npy_20614_4_f,2.4194722175598145,-3.1351687908172607,1.4971119165420532,5e-324,1.875171184539795,5e-324,5e-324,2.043870210647583,-1.5004323720932007,-2.0440070629119873,1.4203041791915894,5e-324,3.1323912143707275
Paul Delvaux_20614_keypoints.npy_20614_5_f,-2.2576868534088135,-1.892378568649292,1.278069257736206,-1.4569838047027588,1.6563868522644043,5e-324,2.2744362354278564,1.5137859582901,-1.4910176992416382,-1.516248345375061,1.7669545412063599,-3.086233139038086,5e-324
Paul Delvaux_20614_keypoints.npy_20614_6_f,-2.899242401123047,-1.5575584173202515,1.4318183660507202,-1.6954609155654907,1.4665237665176392,-0.6437457799911499,5e-324,1.6235846281051636,-1.5359299182891846,5e-324,5e-324,5e-324,5e-324
Paul Delvaux_40657_keypoints.npy_40657_1_f,2.5405972003936768,-1.5330896377563477,1.6051132678985596,-1.7341560125350952,2.1757590770721436,3.105649709701538,-1.349432349205017,1.6261695623397827,-1.5836364030838013,-1.7331205606460571,1.569566011428833,-3.1277694702148438,3.1004228591918945
Paul Delvaux_40657_keypoints.npy_40657_2_f,-3.053129196166992,-1.587619423866272,1.5079140663146973,-1.9385114908218384,-3.053328275680542,-0.5418253540992737,-0.07506057620048523,1.5971076488494873,-1.4882409572601318,-1.4825087785720825,1.4398068189620972,-3.138920307159424,-2.959228754043579
Paul Delvaux_74313_keypoints.npy_74313_1_f,-2.394296884536743,1.5723614692687988,-1.4646581411361694,1.4598802328109741,-1.8935350179672241,2.66510272026062,-2.976548671722412,-1.4126454591751099,1.5727839469909668,1.2959611415863037,-1.4555089473724365,-2.7630615234375,3.0863490104675293
Paul Delvaux_74313_keypoints.npy_74313_2_f,-3.1245179176330566,-1.553139328956604,1.5255260467529297,-1.8018603324890137,1.8632049560546875,2.952713966369629,5e-324,1.58799147605896,-1.6599148511886597,-1.4426816701889038,1.6160773038864136,3.1132991313934326,-2.9327034950256348
Paul Delvaux_74313_keypoints.npy_74313_3_m,-2.9000563621520996,-1.4919190406799316,1.6471123695373535,-1.6997650861740112,1.80472731590271,1.4611412286758423,2.109419107437134,1.5703991651535034,-1.57121741771698,-1.6318548917770386,1.5701824426651,3.105517864227295,3.0380780696868896
Paul Delvaux_74313_keypoints.npy_74313_4_m,-2.5361969470977783,-1.7014886140823364,1.4385459423065186,2.0229504108428955,1.9122999906539917,-3.091156005859375,3.0606954097747803,1.5369725227355957,-1.6079262495040894,-1.4644969701766968,1.5420805215835571,-3.0962722301483154,-2.998595714569092
Paul Delvaux_74313_keypoints.npy_74313_5_m,2.2909693717956543,-1.4945638179779053,1.5590064525604248,-1.3119831085205078,2.027447462081909,-0.8889476656913757,-0.3656695485115051,1.7450236082077026,-1.4941941499710083,-1.8439692258834839,1.725254774093628,-3.0057315826416016,-3.109821319580078
Paul Delvaux_74313_keypoints.npy_74313_6_m,-2.571005344390869,-1.5756915807724,1.662401556968689,5e-324,1.4165738821029663,5e-324,1.3083231449127197,1.5112402439117432,-2.017428159713745,-1.3708347082138062,2.099609375,2.919081449508667,2.99691104888916
Paul Delvaux_52069_keypoints.npy_52069_1_f,5e-324,1.4876552820205688,-1.5225368738174438,1.9372974634170532,-2.0232491493225098,1.8758336305618286,-1.7127681970596313,-1.6539506912231445,1.486700177192688,1.5210360288619995,-1.3670047521591187,-3.0981714725494385,-3.139441728591919
Paul Delvaux_52069_keypoints.npy_52069_2_f,-2.8108103275299072,-1.62968111038208,1.5125272274017334,-1.5742634534835815,1.727280616760254,3.013362407684326,-2.97833251953125,1.5147478580474854,-1.6292201280593872,-1.3720152378082275,1.4664230346679688,3.0601084232330322,-3.1140148639678955
Paul Delvaux_87320_keypoints.npy_87320_1_f,-2.704310894012451,-1.5585352182388306,1.6224915981292725,-1.6808702945709229,2.2392702102661133,2.873613119125366,1.8865195512771606,1.5827479362487793,-1.5577850341796875,-1.410936951637268,1.4668207168579102,3.0972940921783447,-2.9883084297180176
Paul Delvaux_87320_keypoints.npy_87320_2_f,2.5525150299072266,-1.5817795991897583,1.5566966533660889,-1.5336239337921143,1.6025807857513428,-1.5637624263763428,-1.9955817461013794,1.6504875421524048,-1.543979287147522,-1.571694016456604,1.3712769746780396,2.609647274017334,-3.120734453201294
Paul Delvaux_26623_keypoints.npy_26623_1_f,-3.1327457427978516,-1.5920088291168213,1.5489282608032227,-1.7150790691375732,1.7692030668258667,3.0051796436309814,2.9673449993133545,1.6010172367095947,-1.5906096696853638,-1.5409085750579834,1.5275185108184814,3.073535442352295,-3.0999960899353027
Paul Delvaux_26623_keypoints.npy_26623_2_f,2.508009195327759,-1.6026016473770142,1.5383503437042236,-1.7117407321929932,1.9350296258926392,-3.1135551929473877,-0.34099647402763367,1.5400770902633667,-1.5508614778518677,-1.511253833770752,1.3993784189224243,3.0691654682159424,3.130537509918213
Paul Delvaux_26623_keypoints.npy_26623_3_f,-2.965104341506958,-1.5632749795913696,1.5235812664031982,-1.901163935661316,1.912776231765747,5e-324,-0.9143027067184448,1.6874949932098389,-1.4542765617370605,-1.3798503875732422,1.6069772243499756,3.1325178146362305,-3.025974750518799
Paul Delvaux_26623_keypoints.npy_26623_4_f,3.034585475921631,-1.5021580457687378,1.640902042388916,-1.6404563188552856,1.676000952720642,-0.09956175088882446,2.965893030166626,1.4718149900436401,-1.5721642971038818,-1.6409580707550049,1.5724760293960571,2.885852336883545,-3.0977938175201416
Paul Delvaux_26623_keypoints.npy_26623_5_f,-2.3408212661743164,-2.577648401260376,0.09911897778511047,5e-324,-3.073457717895508,5e-324,2.87978458404541,1.4767624139785767,-2.0522236824035645,-1.4728889465332031,2.1118693351745605,-2.9993319511413574,-2.977985143661499
Paul Delvaux_60116_keypoints.npy_60116_1_f,3.1016883850097656,-1.5815273523330688,1.5582084655761719,-1.781431794166565,1.817172884941101,0.9011461734771729,-0.9562923908233643,1.5599277019500732,-1.5817203521728516,-1.4848873615264893,1.4984344244003296,-3.1386513710021973,-3.1085381507873535
Paul Delvaux_60116_keypoints.npy_60116_2_f,-2.3969335556030273,-1.4189672470092773,1.7164809703826904,-1.6874363422393799,1.9549198150634766,2.7157320976257324,3.0441181659698486,1.6123126745224,-1.5350173711776733,-1.9777064323425293,1.6587334871292114,-2.6919777393341064,-2.989997148513794
Paul Delvaux_60116_keypoints.npy_60116_3_f,2.639023780822754,-1.5425753593444824,1.5989806652069092,-1.8520587682724,1.6532262563705444,-2.811215400695801,3.1071696281433105,1.6226145029067993,-1.6244826316833496,-1.7009919881820679,1.5458937883377075,3.0950915813446045,3.1208605766296387
Paul Delvaux_60116_keypoints.npy_60116_4_f,-2.9055542945861816,-1.5576893091201782,1.5216257572174072,-1.5262035131454468,1.8066229820251465,1.358959674835205,3.139226198196411,1.6495954990386963,-1.4910650253295898,-1.5681580305099487,1.6064071655273438,-3.1021995544433594,-2.9940526485443115
Paul Delvaux_60116_keypoints.npy_60116_5_f,-2.6067240238189697,-1.655697226524353,1.4381400346755981,-1.7397490739822388,1.5691826343536377,2.868594169616699,5e-324,1.4362595081329346,-1.7072848081588745,-1.8283039331436157,5e-324,5e-324,5e-324
Paul Delvaux_60116_keypoints.npy_60116_6_u,-2.437387704849243,-1.3300410509109497,1.7667909860610962,-1.9203459024429321,5e-324,5e-324,5e-324,1.404125690460205,-1.7686247825622559,-1.3200551271438599,1.8372864723205566,5e-324,5e-324
Paul Delvaux_90551_keypoints.npy_90551_1_f,3.1406068801879883,-1.5249325037002563,1.5728576183319092,-1.7654588222503662,1.8079904317855835,1.9664767980575562,3.0174670219421387,1.570985198020935,-1.5106253623962402,-1.4487417936325073,1.435172200202942,3.0681612491607666,-3.0826528072357178
Paul Delvaux_74433_keypoints.npy_74433_1_f,-2.1891934871673584,-1.086741328239441,1.9303516149520874,-1.8845140933990479,1.4663130044937134,5e-324,2.9397428035736084,1.3919695615768433,-1.6760387420654297,-1.9425946474075317,1.3849395513534546,-1.942662239074707,-2.787020683288574
Paul Delvaux_2581_keypoints.npy_2581_1_f,5e-324,1.5238274335861206,-1.5455108880996704,1.8353681564331055,-1.7158454656600952,-0.7281801104545593,-0.842166543006897,-1.7240500450134277,1.6307235956192017,1.5586457252502441,-1.5584081411361694,3.0529072284698486,3.023651361465454
Paul Delvaux_2581_keypoints.npy_2581_2_f,2.6796393394470215,-1.590864896774292,1.5500738620758057,-1.7552986145019531,1.5596656799316406,3.059283971786499,-2.1475632190704346,1.571423053741455,-1.5670515298843384,-1.4625625610351562,1.1790324449539185,3.0407426357269287,-3.0346736907958984
Paul Delvaux_80019_keypoints.npy_80019_1_f,2.6562061309814453,-1.6699869632720947,1.4719462394714355,-2.0615475177764893,1.8891798257827759,-1.4738671779632568,2.3735032081604004,1.6009877920150757,-1.5475200414657593,-1.5339902639389038,1.4434272050857544,2.884148597717285,3.1020541191101074
Paul Delvaux_80019_keypoints.npy_80019_2_m,5e-324,1.5636273622512817,-1.5754755735397339,1.677426815032959,-1.653271198272705,5e-324,5e-324,-1.6724165678024292,1.6468688249588013,5e-324,5e-324,5e-324,5e-324
Paul Delvaux_81511_keypoints.npy_81511_1_m,2.530766487121582,1.830532193183899,-1.4971851110458374,2.5166683197021484,-1.89799165725708,-2.4607720375061035,-3.0146241188049316,-1.5051599740982056,1.4484548568725586,2.4317145347595215,-1.1074906587600708,2.237652540206909,2.869907855987549
Paul Delvaux_81511_keypoints.npy_81511_2_f,1.5910420417785645,-2.07605242729187,0.991173267364502,-1.4972996711730957,2.5051004886627197,-1.9692966938018799,-2.199441432952881,1.6523337364196777,-1.5795100927352905,-0.3757565915584564,2.753302574157715,1.9520303010940552,1.5359723567962646
Paul Gauguin_80958_keypoints.npy_80958_1_f,2.3975830078125,-1.5689754486083984,1.5721302032470703,5e-324,3.094313144683838,5e-324,-2.245415449142456,1.5704705715179443,-1.5712385177612305,-1.66749107837677,1.5236929655075073,2.9505271911621094,3.043738842010498
Paul Gauguin_80958_keypoints.npy_80958_2_f,2.2123594284057617,1.5191766023635864,-1.6209230422973633,1.6680127382278442,-1.8814746141433716,5e-324,5e-324,-1.4898512363433838,1.555657982826233,-1.9278913736343384,2.372586965560913,0.35773059725761414,-1.5172736644744873
Paul Gauguin_80958_keypoints.npy_80958_3_f,2.790956497192383,-1.6511890888214111,1.5712876319885254,-1.6430002450942993,1.8269731998443604,-2.9162042140960693,-0.12513227760791779,1.5707615613937378,-1.6904882192611694,-1.6609325408935547,1.6438841819763184,3.0382261276245117,2.9321088790893555
Paul Gauguin_27135_keypoints.npy_27135_1_f,2.6914877891540527,-1.5274901390075684,1.612572193145752,-1.802368402481079,1.6222342252731323,-1.3340566158294678,-0.6855034232139587,1.5249131917953491,-1.617295265197754,-1.4813977479934692,1.5998039245605469,2.9366369247436523,2.927494764328003
Paul Gauguin_27135_keypoints.npy_27135_2_f,-2.7173800468444824,-1.4713001251220703,1.5795644521713257,-1.9113845825195312,1.8093503713607788,-0.6391757130622864,1.1757783889770508,1.5304744243621826,-1.609734058380127,-1.5160101652145386,1.5709397792816162,3.126066207885742,3.0913314819335938
Paul Gauguin_27135_keypoints.npy_27135_3_f,2.9682703018188477,-1.555790662765503,1.658116102218628,-1.4151266813278198,1.8182008266448975,-1.3552452325820923,5e-324,1.6618854999542236,-1.4799177646636963,-1.5137876272201538,1.655513882637024,3.1083874702453613,2.8865342140197754
Paul Gauguin_57976_keypoints.npy_57976_1_f,-2.7753448486328125,-1.585071325302124,1.557715892791748,-2.0120880603790283,2.35558819770813,-0.4819899797439575,1.1267057657241821,1.5570005178451538,-1.5844829082489014,2.388164758682251,-2.5860178470611572,-0.3166753351688385,0.8074979782104492
Paul Gauguin_57976_keypoints.npy_57976_2_f,0.45534226298332214,-1.5693424940109253,1.5369256734848022,-2.2108078002929688,2.0247373580932617,5e-324,-2.8804666996002197,1.4633405208587646,-1.6785542964935303,5e-324,5e-324,5e-324,5e-324
Paul Gauguin_21432_keypoints.npy_21432_1_f,2.116096258163452,-2.1210145950317383,1.0895785093307495,-2.7676475048065186,2.2259111404418945,0.8025883436203003,2.667299747467041,1.8981990814208984,-1.1981972455978394,5e-324,2.053642988204956,5e-324,1.8188376426696777
Paul Gauguin_21432_keypoints.npy_21432_2_u,2.458440065383911,-1.5729209184646606,1.4893929958343506,-2.0481762886047363,1.8927744626998901,-2.4055652618408203,-2.7453126907348633,1.6173138618469238,-1.4095687866210938,-0.8947373628616333,2.5833208560943604,2.4955222606658936,2.1807966232299805
Paul Gauguin_14206_keypoints.npy_14206_1_m,2.645040273666382,-1.3870563507080078,1.687082290649414,-2.937333106994629,0.21308931708335876,0.9128954410552979,2.174748182296753,1.590904712677002,-1.549638032913208,-1.5298177003860474,1.6327717304229736,-2.9821038246154785,-3.025604248046875
Paul Gauguin_17145_keypoints.npy_17145_1_f,-3.115994453430176,-1.6258960962295532,1.5075016021728516,-1.9551576375961304,1.9447081089019775,-2.731862783432007,3.0524024963378906,1.594111680984497,-1.5457781553268433,-1.53357994556427,1.5357210636138916,3.0695676803588867,3.132248878479004
Paul Gauguin_17145_keypoints.npy_17145_2_f,2.531618595123291,-1.578136920928955,1.4624830484390259,-1.8344470262527466,2.088726282119751,-1.9114646911621094,2.7005152702331543,1.5706958770751953,-1.5703494548797607,-1.6053534746170044,1.5690698623657227,3.1360342502593994,2.944701671600342
Paul Gauguin_17145_keypoints.npy_17145_3_f,-2.8471593856811523,-1.569217324256897,1.6040245294570923,-1.6969882249832153,1.7307840585708618,-2.327770233154297,2.634458541870117,1.5707042217254639,-1.5697695016860962,-1.476467490196228,1.5420281887054443,-3.029367208480835,-2.9861464500427246
Paul Gauguin_17145_keypoints.npy_17145_4_f,2.7294013500213623,-1.533110499382019,1.6049860715866089,-1.4739474058151245,1.856440782546997,-2.6678054332733154,2.706390857696533,1.653983473777771,-1.4884190559387207,-1.999366044998169,-2.9122936725616455,5e-324,1.5548665523529053
Paul Gauguin_48642_keypoints.npy_48642_1_f,-2.918928384780884,-1.7288929224014282,1.7071245908737183,-1.6778805255889893,1.834238886833191,-2.737654685974121,2.1244070529937744,1.5641860961914062,-1.5736385583877563,-1.6201212406158447,1.4036444425582886,-2.959001064300537,-2.6498608589172363
Paul Gauguin_48642_keypoints.npy_48642_2_f,2.477570056915283,-1.6846059560775757,1.49845552444458,5e-324,1.8667222261428833,5e-324,2.2801358699798584,1.5277405977249146,-1.6084001064300537,-2.4531099796295166,2.7688663005828857,-1.0394916534423828,0.6071781516075134
Paul Gauguin_48642_keypoints.npy_48642_3_f,5e-324,1.5312575101852417,-1.5652159452438354,2.042891025543213,-1.8004740476608276,-2.4924423694610596,0.9254222512245178,-1.6106338500976562,1.5304288864135742,5e-324,2.397264242172241,5e-324,-0.8243188858032227
Paul Gauguin_48642_keypoints.npy_48642_4_f,2.988036632537842,-1.615475058555603,1.63164484500885,-1.7146412134170532,1.672911286354065,-0.3192136585712433,2.066877841949463,1.5260646343231201,-1.6152830123901367,-2.363102674484253,3.137657880783081,-2.3511433601379395,1.4669781923294067
Paul Gauguin_48642_keypoints.npy_48642_5_f,-2.3473153114318848,1.7518994808197021,-1.2629939317703247,1.4828259944915771,-1.8578202724456787,5e-324,2.9563419818878174,-1.377001404762268,2.0388264656066895,1.459552526473999,-2.0070276260375977,-2.7638983726501465,-3.1222803592681885
Paul Gauguin_48642_keypoints.npy_48642_6_f,-3.1300876140594482,-1.3780419826507568,1.303179383277893,-2.130581855773926,1.451728343963623,2.836958169937134,5e-324,1.6127525568008423,-1.8347729444503784,-1.8114335536956787,1.6393241882324219,-3.0614354610443115,2.9303457736968994
Paul Gauguin_94264_keypoints.npy_94264_1_f,2.439936637878418,-1.6236352920532227,1.4752569198608398,-1.7147856950759888,1.6942431926727295,-2.7981796264648438,-2.8779335021972656,1.570654273033142,-1.570400357246399,-1.5700922012329102,1.570603847503662,2.964585065841675,3.0084643363952637
Paul Gauguin_94264_keypoints.npy_94264_2_f,-3.0222086906433105,1.547058343887329,-1.7257132530212402,1.7836625576019287,-1.5310250520706177,5e-324,2.595357894897461,-1.5519630908966064,1.7285767793655396,-0.17683227360248566,2.5429306030273438,-1.67535400390625,-1.1678149700164795
Paul Gauguin_94264_keypoints.npy_94264_3_f,-2.3677825927734375,1.664687156677246,-1.4771946668624878,2.8584179878234863,2.2555344104766846,-2.209491729736328,-3.08791446685791,-1.4761842489242554,1.5813778638839722,1.2941279411315918,-1.412524938583374,3.0531222820281982,2.7271201610565186
Paul Gauguin_30963_keypoints.npy_30963_1_f,-2.662424325942993,-1.4139735698699951,1.7379554510116577,-1.802420735359192,1.6516472101211548,-1.156593680381775,-0.07794614136219025,1.7097835540771484,-1.5620661973953247,-1.6009165048599243,1.4911669492721558,2.8051717281341553,3.0999484062194824
Paul Gauguin_98147_keypoints.npy_98147_1_f,2.70764422416687,-1.5896815061569214,1.5495541095733643,-1.5724924802780151,1.8154239654541016,-1.654612421989441,-2.7900049686431885,1.647840976715088,-1.5893386602401733,-1.6229909658432007,1.7083585262298584,3.0285043716430664,2.785489082336426
Paul Gauguin_6366_keypoints.npy_6366_1_f,2.820812940597534,-1.5350229740142822,1.652925729751587,-2.441532850265503,1.5546170473098755,-1.8264051675796509,0.5060631632804871,1.7726175785064697,-1.4098389148712158,5e-324,-3.0530903339385986,5e-324,0.9137311577796936
Paul Gauguin_97988_keypoints.npy_97988_1_f,-2.656733989715576,-1.5380158424377441,1.589261770248413,-1.6557843685150146,1.8070253133773804,-1.0643165111541748,0.2709042727947235,1.5693291425704956,-1.5637893676757812,-1.6167166233062744,1.5329519510269165,5e-324,5e-324
Paul Gauguin_97988_keypoints.npy_97988_2_f,2.436814308166504,-1.5752311944961548,1.5661669969558716,-1.4921529293060303,1.9822338819503784,-0.9397628307342529,-2.772930383682251,1.8837857246398926,-1.3835183382034302,-0.8321238160133362,-2.6860461235046387,-2.30198335647583,0.7141658663749695
Paul Gauguin_89848_keypoints.npy_89848_1_f,-2.411576747894287,-1.494345784187317,1.6477500200271606,-1.9616618156433105,2.1064817905426025,1.6094801425933838,2.402963399887085,1.2737212181091309,-1.8531134128570557,-3.0153989791870117,0.8678750991821289,-1.6086434125900269,5e-324
Paul Gauguin_89848_keypoints.npy_89848_2_f,-2.7793169021606445,-1.657185435295105,1.520896315574646,5e-324,1.583650827407837,5e-324,1.71263587474823,1.2587138414382935,-1.8405228853225708,5e-324,5e-324,5e-324,5e-324
Paul Gauguin_97975_keypoints.npy_97975_1_f,3.0088517665863037,-1.696669578552246,1.4485548734664917,-2.522667169570923,2.354386806488037,-2.1784582138061523,2.732207775115967,1.492917537689209,-1.6486830711364746,-1.5041104555130005,1.3827831745147705,-3.055591106414795,-3.114301919937134
Paul Gauguin_9586_keypoints.npy_9586_1_f,-2.8079957962036133,-1.7485719919204712,1.3921610116958618,-1.5448229312896729,1.691236138343811,-0.18985769152641296,1.5046943426132202,1.3521499633789062,-1.7913185358047485,-2.6804630756378174,-0.0608779601752758,-0.570487916469574,-0.573331356048584
Paul Gauguin_9586_keypoints.npy_9586_2_f,-2.7730636596679688,-1.5887601375579834,1.5183019638061523,-1.5306297540664673,1.8958663940429688,-0.2777460217475891,-3.13940691947937,1.629338264465332,-1.5742766857147217,-2.2741498947143555,0.5330420136451721,-1.035717248916626,-0.639444887638092
Paul Gauguin_9586_keypoints.npy_9586_3_f,2.3922078609466553,-1.5326571464538574,1.6103291511535645,-1.9514360427856445,2.3511767387390137,-2.8783442974090576,5e-324,2.059084177017212,-1.334703803062439,0.3316939175128937,-2.4474923610687256,0.9076943397521973,0.7719618082046509
Amedeo Modigliani_78145_keypoints.npy_78145_1_f,3.0959270000457764,-1.5507683753967285,1.566097617149353,-1.7675518989562988,1.7201790809631348,-0.9024764895439148,2.4650659561157227,1.6096173524856567,-1.5658354759216309,-1.6058508157730103,1.5265493392944336,5e-324,5e-324
Amedeo Modigliani_70261_keypoints.npy_70261_1_f,2.861428737640381,-2.024564743041992,1.136295199394226,-1.361906886100769,1.6343412399291992,2.7818408012390137,1.005253791809082,1.31076979637146,-1.7923097610473633,5e-324,5e-324,5e-324,5e-324
Amedeo Modigliani_91604_keypoints.npy_91604_1_f,2.8190500736236572,-1.8019566535949707,1.3595154285430908,-1.5712275505065918,2.0406386852264404,2.8685765266418457,2.983428478240967,1.4119019508361816,-1.7286527156829834,-2.228994369506836,1.313671350479126,-0.9645788669586182,-1.2133803367614746
Amedeo Modigliani_70529_keypoints.npy_70529_1_f,-2.965085506439209,-1.5887335538864136,1.4961435794830322,-1.780766248703003,1.928781509399414,2.684654712677002,2.578608751296997,1.2166510820388794,-1.9677871465682983,-2.056718349456787,0.8164665699005127,5e-324,5e-324
Tamara de Lempicka_75779_keypoints.npy_75779_1_f,2.854015588760376,-1.362982153892517,1.7975594997406006,-1.9709956645965576,1.7299569845199585,-0.7764480710029602,1.577782392501831,1.516674518585205,-1.6256859302520752,-1.3460707664489746,1.4013088941574097,3.0509445667266846,2.842162847518921
Tamara de Lempicka_75779_keypoints.npy_75779_2_f,2.849522113800049,-1.744535207748413,1.4511550664901733,5e-324,2.1669180393218994,5e-324,2.4644012451171875,1.5052188634872437,-1.7709838151931763,-1.661702275276184,1.4900511503219604,-2.834347724914551,5e-324
Tamara de Lempicka_90798_keypoints.npy_90798_1_f,2.4655346870422363,-1.6164456605911255,1.5060480833053589,-2.1733529567718506,1.4586533308029175,-1.2367680072784424,-1.3003188371658325,1.6173290014266968,-1.133248209953308,-0.42086419463157654,2.3965766429901123,5e-324,5e-324
Tamara de Lempicka_61475_keypoints.npy_61475_1_f,-2.6911520957946777,-1.3589950799942017,1.817057728767395,-2.3600528240203857,1.9553014039993286,-2.2122223377227783,1.7158637046813965,1.7361202239990234,-1.5880522727966309,-1.8398410081863403,2.3217265605926514,-2.720707654953003,2.2557430267333984
Tamara de Lempicka_22925_keypoints.npy_22925_1_f,2.2332711219787598,-1.2817007303237915,1.7929104566574097,-1.6905441284179688,1.9735387563705444,-3.0818288326263428,2.2071738243103027,1.5583003759384155,-1.6691465377807617,-1.2274843454360962,2.175656795501709,5e-324,5e-324
Tamara de Lempicka_89033_keypoints.npy_89033_1_f,3.0263633728027344,-1.2234561443328857,1.9103063344955444,-2.011277198791504,1.6211377382278442,0.3902718424797058,2.6433706283569336,1.4558277130126953,-1.461426019668579,5e-324,5e-324,5e-324,5e-324
Tamara de Lempicka_13816_keypoints.npy_13816_1_f,2.4206113815307617,-1.6719797849655151,1.469165563583374,-1.899216651916504,1.8103114366531372,-2.3788487911224365,-2.191878318786621,1.8139491081237793,-1.310610055923462,-1.2436772584915161,1.844591736793518,2.7684597969055176,2.796252727508545
Tamara de Lempicka_21003_keypoints.npy_21003_1_f,2.3962769508361816,-1.4004188776016235,1.7393898963928223,-1.862836241722107,1.7571078538894653,-3.013000965118408,2.2537524700164795,1.9539352655410767,-1.479175090789795,-1.1076816320419312,1.9274141788482666,5e-324,5e-324
Tamara de Lempicka_67540_keypoints.npy_67540_1_f,2.166130781173706,-1.7607452869415283,1.4481382369995117,-1.2955780029296875,2.2891383171081543,-1.2576367855072021,-0.49527230858802795,1.7266055345535278,-1.6725102663040161,-1.92372727394104,1.5207979679107666,5e-324,5e-324
Tamara de Lempicka_44766_keypoints.npy_44766_1_f,-2.6501083374023438,-1.4416896104812622,1.6932717561721802,-1.959286093711853,1.7162346839904785,5e-324,2.9549829959869385,2.0765089988708496,-1.363169550895691,5e-324,5e-324,5e-324,5e-324
Tamara de Lempicka_37099_keypoints.npy_37099_1_f,-3.076521396636963,-1.5444986820220947,1.6034263372421265,-2.305873155593872,2.423999547958374,-0.5326989889144897,5e-324,1.664789080619812,-1.8787105083465576,2.7643213272094727,5e-324,-1.4509364366531372,5e-324
Tamara de Lempicka_56654_keypoints.npy_56654_1_f,2.8770461082458496,-1.6761784553527832,1.440638542175293,1.2619072198867798,1.686341643333435,1.7390652894973755,-2.278813123703003,1.8058809041976929,-1.4982457160949707,-1.6704552173614502,2.3128037452697754,5e-324,5e-324
